Mã xét tuyển ,"Tên chương trình, ngành, nhóm ngành xét tuyển","Mã ngành, nhóm ngành ","Tên ngành, nhóm ngành ",Phương thức tuyển sinh ,Chỉ tiêu 2024,Điểm chuẩn 2024,Chỉ tiêu 2023,Điểm chuẩn 2023,Tổ hợp xét tuyển THPT 2025,Mô tả chương trình
BF1,Kỹ thuật Sinh học,7420202,Kỹ thuật sinh học,XTTN,32,79.19,32,70,"A00,B00,D07,K01",https://ts.hust.edu.vn/training-cate/nganh-dao-tao-dai-hoc/ky-thuat-sinh-hoc
BF1,Kỹ thuật Sinh học,7420202,Kỹ thuật sinh học,DGTD,64,50.29,64,51.84,"A00,B00,D07,K01",https://ts.hust.edu.vn/training-cate/nganh-dao-tao-dai-hoc/ky-thuat-sinh-hoc
BF1,Kỹ thuật Sinh học,7420202,Kỹ thuật sinh học,THPT,129,24,64,24.6,"A00,B00,D07,K01",https://ts.hust.edu.vn/training-cate/nganh-dao-tao-dai-hoc/ky-thuat-sinh-hoc
BF2,Kỹ  thuật Thực phẩm,7540102,Kỹ thuật thực phẩm,XTTN,36,78.79,36,72.52,"A00,B00,D07,K01",https://ts.hust.edu.vn/training-cate/nganh-dao-tao-dai-hoc/ky-thuat-thuc-pham
BF2,Kỹ  thuật Thực phẩm,7540102,Kỹ thuật thực phẩm,DGTD,108,50.29,108,56.05,"A00,B00,D07,K01",https://ts.hust.edu.vn/training-cate/nganh-dao-tao-dai-hoc/ky-thuat-thuc-pham
BF2,Kỹ  thuật Thực phẩm,7540102,Kỹ thuật thực phẩm,THPT,261,24.54,216,24.49,"A00,B00,D07,K01",https://ts.hust.edu.vn/training-cate/nganh-dao-tao-dai-hoc/ky-thuat-thuc-pham
BF-E12,Kỹ thuật Thực phẩm (CT tiên tiến),7540102,Kỹ thuật thực phẩm,XTTN,14,81.27,4,72.52,"A00,B00,D07,K01",https://ts.hust.edu.vn/training-cate/nganh-dao-tao-dai-hoc/ky-thuat-thuc-pham-chuong-trinh-tien-tien
BF-E12,Kỹ thuật Thực phẩm (CT tiên tiến),7540102,Kỹ thuật thực phẩm,DGTD,10,52.55,10,54.8,"A00,B00,D07,K01",https://ts.hust.edu.vn/training-cate/nganh-dao-tao-dai-hoc/ky-thuat-thuc-pham-chuong-trinh-tien-tien
BF-E12,Kỹ thuật Thực phẩm (CT tiên tiến),7540102,Kỹ thuật thực phẩm,THPT,26,22,26,22.7,"A00,B00,D07,K01",https://ts.hust.edu.vn/training-cate/nganh-dao-tao-dai-hoc/ky-thuat-thuc-pham-chuong-trinh-tien-tien
BF-E19,Kỹ thuật sinh học (CT tiên tiến),7420202,Kỹ thuật sinh học,XTTN,19,81.27,4,72.52,"A00,B00,D07,K01",https://ts.hust.edu.vn/training-cate/nganh-dao-tao-dai-hoc/ky-thuat-sinh-hoc-chuong-trinh-tien-tien
BF-E19,Kỹ thuật sinh học (CT tiên tiến),7420202,Kỹ thuật sinh học,DGTD,10,50.29,10,52.95,"A00,B00,D07,K01",https://ts.hust.edu.vn/training-cate/nganh-dao-tao-dai-hoc/ky-thuat-sinh-hoc-chuong-trinh-tien-tien
BF-E19,Kỹ thuật sinh học (CT tiên tiến),7420202,Kỹ thuật sinh học,THPT,26,22,26,21,"A00,B00,D07,K01",https://ts.hust.edu.vn/training-cate/nganh-dao-tao-dai-hoc/ky-thuat-sinh-hoc-chuong-trinh-tien-tien
CH1,Kỹ thuật Hoá học,7520301,Kỹ thuật hóa học,XTTN,19,76.74,34,70,"A00,B00,D07,K01",https://ts.hust.edu.vn/training-cate/nganh-dao-tao-dai-hoc/ky-thuat-hoa-hoc
CH1,Kỹ thuật Hoá học,7520301,Kỹ thuật hóa học,DGTD,204,51.85,204,50.6,"A00,B00,D07,K01",https://ts.hust.edu.vn/training-cate/nganh-dao-tao-dai-hoc/ky-thuat-hoa-hoc
CH1,Kỹ thuật Hoá học,7520301,Kỹ thuật hóa học,THPT,487,24.38,442,23.7,"A00,B00,D07,K01",https://ts.hust.edu.vn/training-cate/nganh-dao-tao-dai-hoc/ky-thuat-hoa-hoc
CH2,Hoá học,7440112,Hoá học,XTTN,8,76.5,8,72.52,"A00,B00,D07,K01",https://ts.hust.edu.vn/training-cate/nganh-dao-tao-dai-hoc/hoa-hoc
CH2,Hoá học,7440112,Hoá học,DGTD,98,50.29,48,51.58,"A00,B00,D07,K01",https://ts.hust.edu.vn/training-cate/nganh-dao-tao-dai-hoc/hoa-hoc
CH2,Hoá học,7440112,Hoá học,THPT,169,23.81,104,23.04,"A00,B00,D07,K01",https://ts.hust.edu.vn/training-cate/nganh-dao-tao-dai-hoc/hoa-hoc
CH-E11,Kỹ thuật Hóa dược (CT tiên tiến,7520301,Kỹ thuật hóa học,XTTN,16,91.23,16,75.82,"A00,B00,D07,K01",https://ts.hust.edu.vn/training-cate/nganh-dao-tao-dai-hoc/ky-thuat-hoa-duoc-chuong-trinh-tien-tien
CH-E11,Kỹ thuật Hóa dược (CT tiên tiến),7520301,Kỹ thuật hóa học,DGTD,32,54.02,32,55.83,"A00,B00,D07,K01",https://ts.hust.edu.vn/training-cate/nganh-dao-tao-dai-hoc/ky-thuat-hoa-duoc-chuong-trinh-tien-tien
CH-E11,Kỹ thuật Hóa dược (CT tiên tiến),7520301,Kỹ thuật hóa học,THPT,22,24.34,32,23.44,"A00,B00,D07,K01",https://ts.hust.edu.vn/training-cate/nganh-dao-tao-dai-hoc/ky-thuat-hoa-duoc-chuong-trinh-tien-tien
ED2,Công nghệ giáo dục,7140103,Công nghệ giáo dục,XTTN,14,71.05,24,70.45,"A00,A01,D01,K01",https://ts.hust.edu.vn/training-cate/nganh-dao-tao-dai-hoc/cong-nghe-giao-duc
ED2,Công nghệ giáo dục,7140103,Công nghệ giáo dục,DGTD,36,52.07,36,58.69,"A00,A01,D01,K01",https://ts.hust.edu.vn/training-cate/nganh-dao-tao-dai-hoc/cong-nghe-giao-duc
ED2,Công nghệ giáo dục,7140103,Công nghệ giáo dục,THPT,65,25.3,60,24.55,"A00,A01,D01,K01",https://ts.hust.edu.vn/training-cate/nganh-dao-tao-dai-hoc/cong-nghe-giao-duc
ED3,Quản lý giáo dục,7140114,Quản lý giáo dục,XTTN,12,71.05,12,-,"A00,A01,D01,K01",https://ts.hust.edu.vn/training-cate/nganh-dao-tao-dai-hoc/quan-ly-giao-duc
ED3,Quản lý giáo dục,7140114,Quản lý giáo dục,DGTD,18,50.29,18,-,"A00,A01,D01,K01",https://ts.hust.edu.vn/training-cate/nganh-dao-tao-dai-hoc/quan-ly-giao-duc
ED3,Quản lý giáo dục,7140114,Quản lý giáo dục,THPT,30,24.78,30,-,"A00,A01,D01,K01",https://ts.hust.edu.vn/training-cate/nganh-dao-tao-dai-hoc/quan-ly-giao-duc
EE1,Kỹ thuật Điện,7520201,Kỹ thuật điện,XTTN,36,80.03,36,71.66,"A00,A01,K01",https://ts.hust.edu.vn/training-cate/nganh-dao-tao-dai-hoc/ky-thuat-dien
EE1,Kỹ thuật Điện,7520201,Kỹ thuật điện,DGTD,84,65.25,84,61.27,"A00,A01,K01",https://ts.hust.edu.vn/training-cate/nganh-dao-tao-dai-hoc/ky-thuat-dien
EE1,Kỹ thuật Điện,7520201,Kỹ thuật điện,THPT,125,26.81,120,25.55,"A00,A01,K01",https://ts.hust.edu.vn/training-cate/nganh-dao-tao-dai-hoc/ky-thuat-dien
EE2,Kỹ thuật Điều khiển - Tự động hoá,7520216,Kỹ thuật điều khiển và tự động hoá,XTTN,285,86.7,300,80.01,"A00,A01,K01",https://ts.hust.edu.vn/training-cate/nganh-dao-tao-dai-hoc/ky-thuat-dieu-khien-tu-dong-hoa
EE2,Kỹ thuật Điều khiển - Tự động hoá,7520216,Kỹ thuật điều khiển và tự động hoá,DGTD,150,73.77,150,72.23,"A00,A01,K01",https://ts.hust.edu.vn/training-cate/nganh-dao-tao-dai-hoc/ky-thuat-dieu-khien-tu-dong-hoa
EE2,Kỹ thuật Điều khiển - Tự động hoá,7520216,Kỹ thuật điều khiển và tự động hoá,THPT,65,28.16,50,27.57,"A00,A01,K01",https://ts.hust.edu.vn/training-cate/nganh-dao-tao-dai-hoc/ky-thuat-dieu-khien-tu-dong-hoa
EE-E18,Hệ thống điện và năng lượng tái tạo (CT tiên tiến),7520201,Kỹ thuật điện,XTTN,38,85.14,13,70.45,"A00,A01,K01",https://ts.hust.edu.vn/training-cate/nganh-dao-tao-dai-hoc/he-thong-dien-va-nang-luong-tai-tao-chuong-trinh-tien-tien
EE-E18,Hệ thống điện và năng lượng tái tạo (CT tiên tiến),7520201,Kỹ thuật điện,DGTD,20,58.18,20,56.27,"A00,A01,K01",https://ts.hust.edu.vn/training-cate/nganh-dao-tao-dai-hoc/he-thong-dien-va-nang-luong-tai-tao-chuong-trinh-tien-tien
EE-E18,Hệ thống điện và năng lượng tái tạo (CT tiên tiến),7520201,Kỹ thuật điện,THPT,17,25.8,17,24.47,"A00,A01,K01",https://ts.hust.edu.vn/training-cate/nganh-dao-tao-dai-hoc/he-thong-dien-va-nang-luong-tai-tao-chuong-trinh-tien-tien
EE-E8,Kỹ thuật Điều khiển - Tự động hoá (CT tiên tiến),7520216,Kỹ thuật điều khiển và tự động hoá,XTTN,21,86.15,36,78.38,"A00,A01,K01",https://ts.hust.edu.vn/training-cate/nganh-dao-tao-dai-hoc/ky-thuat-dieu-khien-tu-dong-hoa-chuong-trinh-tien-tien
EE-E8,Kỹ thuật Điều khiển - Tự động hoá (CT tiên tiến),7520216,Kỹ thuật điều khiển và tự động hoá,DGTD,60,69.13,60,68.74,"A00,A01,K01",https://ts.hust.edu.vn/training-cate/nganh-dao-tao-dai-hoc/ky-thuat-dieu-khien-tu-dong-hoa-chuong-trinh-tien-tien
EE-E8,Kỹ thuật Điều khiển - Tự động hoá (CT tiên tiến),7520216,Kỹ thuật điều khiển và tự động hoá,THPT,39,27.54,24,26.74,"A00,A01,K01",https://ts.hust.edu.vn/training-cate/nganh-dao-tao-dai-hoc/ky-thuat-dieu-khien-tu-dong-hoa-chuong-trinh-tien-tien
EE-EP,Tin học công nghiệp và Tự động hóa (Chương trình Việt Pháp PFIEV),7520216,Kỹ thuật điều khiển và tự động hoá,XTTN,8,74.67,8,70.45,"A00,A01,D29,K01",https://ts.hust.edu.vn/training-cate/nganh-dao-tao-dai-hoc/tin-hoc-cong-nghiep-va-tu-dong-hoa-chuong-trinh-viet-phap-pfiev
EE-EP,Tin học công nghiệp và Tự động hóa (Chương trình Việt Pháp PFIEV),7520216,Kỹ thuật điều khiển và tự động hoá,DGTD,14,62.48,14,58.29,"A00,A01,D29,K01",https://ts.hust.edu.vn/training-cate/nganh-dao-tao-dai-hoc/tin-hoc-cong-nghiep-va-tu-dong-hoa-chuong-trinh-viet-phap-pfiev
EE-EP,Tin học công nghiệp và Tự động hóa (Chương trình Việt - Pháp PFIEV),7520216,Kỹ thuật điều khiển và tự động hoá,THPT,18,26.22,18,25.14,"A00,A01,D29,K01",https://ts.hust.edu.vn/training-cate/nganh-dao-tao-dai-hoc/tin-hoc-cong-nghiep-va-tu-dong-hoa-chuong-trinh-viet-phap-pfiev
EM1,Quản  lý năng lượng,7510604,Kinh  tế công nghiệp,XTTN,6,75.35,6,78.62,"A00,A01,D01,K01",https://ts.hust.edu.vn/training-cate/nganh-dao-tao-dai-hoc/quan-ly-nang-luong
EM1,Quản  lý năng lượng,7510604,Kinh  tế công nghiệp,DGTD,18,52.68,18,53.29,"A00,A01,D01,K01",https://ts.hust.edu.vn/training-cate/nganh-dao-tao-dai-hoc/quan-ly-nang-luong
EM1,Quản  lý năng lượng,7510604,Kinh  tế công nghiệp,THPT,26,25.4,36,24.98,"A00,A01,D01,K01",https://ts.hust.edu.vn/training-cate/nganh-dao-tao-dai-hoc/quan-ly-nang-luong
EM2,Quản  lý công nghiệp,7510601,Quản lý công nghiệp,XTTN,8,79.7,8,72.63,"A00,A01,D01,K01",https://ts.hust.edu.vn/training-cate/nganh-dao-tao-dai-hoc/quan-ly-cong-nghiep
EM2,Quản  lý công nghiệp,7510601,Quản lý công nghiệp,DGTD,44,52.68,24,53.55,"A00,A01,D01,K01",https://ts.hust.edu.vn/training-cate/nganh-dao-tao-dai-hoc/quan-ly-cong-nghiep
EM2,Quản  lý công nghiệp,7510601,Quản lý công nghiệp,THPT,78,25.6,48,25.39,"A00,A01,D01,K01",https://ts.hust.edu.vn/training-cate/nganh-dao-tao-dai-hoc/quan-ly-cong-nghiep
EM3,Quản  trị kinh doanh,7340101,Quản trị kinh doanh,XTTN,12,80.18,12,71.93,"A00,A01,D01,K01",https://ts.hust.edu.vn/training-cate/nganh-dao-tao-dai-hoc/quan-tri-kinh-doanh
EM3,Quản  trị kinh doanh,7340101,Quản trị kinh doanh,DGTD,36,55.65,36,55.58,"A00,A01,D01,K01",https://ts.hust.edu.vn/training-cate/nganh-dao-tao-dai-hoc/quan-tri-kinh-doanh
EM3,Quản  trị doanh,7340101,Quản trị kinh doanh,THPT,82,25.77,72,25.83,"A00,A01,D01,K01",https://ts.hust.edu.vn/training-cate/nganh-dao-tao-dai-hoc/quan-tri-kinh-doanh
EM4,Kế toán,7340301,Kế toán,XTTN,8,76.81,8,70.45,"A00,A01,D01,K01",https://ts.hust.edu.vn/training-cate/nganh-dao-tao-dai-hoc/ke-toan
EM4,Kế toán,7340301,Kế toán,DGTD,24,54.62,24,51.04,"A00,A01,D01,K01",https://ts.hust.edu.vn/training-cate/nganh-dao-tao-dai-hoc/ke-toan
EM4,Kế toán,7340301,Kế toán,THPT,58,25.8,48,25.52,"A00,A01,D01,K01",https://ts.hust.edu.vn/training-cate/nganh-dao-tao-dai-hoc/ke-toan
EM5,Tài chính - Ngân hàng,7340201,Tài chính - Ngân hàng,XTTN,8,82.57,8,72,"A00,A01,D01,K01",https://ts.hust.edu.vn/training-cate/nganh-dao-tao-dai-hoc/tai-chinh-ngan-hang 
EM5,Tài chính - Ngân hàng,7340201,Tài chính - Ngân hàng,DGTD,24,56.17,24,52.45,"A00,A01,D01,K01",https://ts.hust.edu.vn/training-cate/nganh-dao-tao-dai-hoc/tai-chinh-ngan-hang 
EM5,Tài chính - Ngân hàng,7340201,Tài chính - Ngân hàng,THPT,43,25.91,48,25.75,"A00,A01,D01,K01",https://ts.hust.edu.vn/training-cate/nganh-dao-tao-dai-hoc/tai-chinh-ngan-hang 
EM-E13,Phân tích kinh doanh (CT tiên tiến),7340101,Quản trị kinh doanh,XTTN,18,91.1,18,77.69,"D07,A01,D01,K01",https://ts.hust.edu.vn/training-cate/nganh-dao-tao-dai-hoc/phan-tich-kinh-doanh-chuong-trinh-tien-tien
EM-E13,Phân tích kinh doanh (CT tiên tiến),7340101,Quản trị kinh doanh,DGTD,36,53.81,36,51.42,"D07,A01,D01,K01",https://ts.hust.edu.vn/training-cate/nganh-dao-tao-dai-hoc/phan-tich-kinh-doanh-chuong-trinh-tien-tien
EM-E13,Phân tích kinh doanh (CT tiên tiến),7340101,Quản trị kinh doanh,THPT,86,25.5,66,25.47,"D07,A01,D01,K01",https://ts.hust.edu.vn/training-cate/nganh-dao-tao-dai-hoc/phan-tich-kinh-doanh-chuong-trinh-tien-tien
EM-E14,Logistics và Quản lý chuỗi cung ứng (CT tiên tiến),7510605,Logistics  và quản lý chuỗi cung ứng,XTTN,18,91.46,18,75.19,"D07,A01,D01,K01",https://ts.hust.edu.vn/training-cate/nganh-dao-tao-dai-hoc/logistics-va-quan-ly-chuoi-cung-ung-chuong-trinh-tien-tien 
EM-E14,Logistics và Quản lý chuỗi cung ứng (CT tiên tiến),7510605,Logistics  và quản lý chuỗi cung ứng,DGTD,36,55.92,36,52.57,"D07,A01,D01,K01",https://ts.hust.edu.vn/training-cate/nganh-dao-tao-dai-hoc/logistics-va-quan-ly-chuoi-cung-ung-chuong-trinh-tien-tien 
EM-E14,Logistics và Quản lý chuỗi cung ứng (CT tiên tiến),7510605,Logistics  và quản lý chuỗi cung ứng,THPT,56,26.06,66,25.69,"D07,A01,D01,K01",https://ts.hust.edu.vn/training-cate/nganh-dao-tao-dai-hoc/logistics-va-quan-ly-chuoi-cung-ung-chuong-trinh-tien-tien 
ET1,Kỹ thuật Điện tử - Viễn thông,7520207,Kỹ thuật Điện tử - Viễn thông,XTTN,192,86.01,192,71.22,"A00,A01,K01",https://ts.hust.edu.vn/training-cate/nganh-dao-tao-dai-hoc/dien-tu-va-vien-thong 
ET1,Kỹ thuật Điện tử - Viễn thông,7520207,Kỹ thuật Điện tử - Viễn thông,DGTD,168,68.88,168,66.46,"A00,A01,K01",https://ts.hust.edu.vn/training-cate/nganh-dao-tao-dai-hoc/dien-tu-va-vien-thong 
ET1,Kỹ thuật Điện tử - Viễn thông,7520207,Kỹ thuật Điện tử - Viễn thông,THPT,155,27.41,120,26.46,"A00,A01,K01",https://ts.hust.edu.vn/training-cate/nganh-dao-tao-dai-hoc/dien-tu-va-vien-thong 
ET2,Kỹ thuật Y sinh,7520212,Kỹ thuật y sinh,XTTN,40,91.55,40,74.43,"A00,A01,B00,K01",https://ts.hust.edu.vn/training-cate/nganh-dao-tao-dai-hoc/ky-thuat-y-sinh 
ET2,Kỹ thuật Y sinh,7520212,Kỹ thuật y sinh,DGTD,30,59.98,30,56.03,"A00,A01,B00,K01",https://ts.hust.edu.vn/training-cate/nganh-dao-tao-dai-hoc/ky-thuat-y-sinh 
ET2,Kỹ thuật Y sinh,7520212,Kỹ thuật y sinh,THPT,65,25.8,30,25.04,"A00,A01,B00,K01",https://ts.hust.edu.vn/training-cate/nganh-dao-tao-dai-hoc/ky-thuat-y-sinh 
ET-E16,Truyền thông số và Kỹ thuật đa phương tiện (CT tiên tiến),7520207,Kỹ thuật Điện tử - Viễn thông,XTTN,24,83.16,24,72.85,"A00,A01,K01",https://ts.hust.edu.vn/training-cate/nganh-dao-tao-dai-hoc/truyen-thong-so-va-ky-thuat-da-phuong-tien-chuong-trinh-tien-tien 
ET-E16,Truyền thông số và Kỹ thuật đa phương tiện (CT tiên tiến),7520207,Kỹ thuật Điện tử - Viễn thông,DGTD,8,64.98,18,62.72,"A00,A01,K01",https://ts.hust.edu.vn/training-cate/nganh-dao-tao-dai-hoc/truyen-thong-so-va-ky-thuat-da-phuong-tien-chuong-trinh-tien-tien 
ET-E16,Truyền thông số và Kỹ thuật đa phương tiện (CT tiên tiến),7520207,Kỹ thuật Điện tử - Viễn thông,THPT,28,26.61,18,25.73,"A00,A01,K01",https://ts.hust.edu.vn/training-cate/nganh-dao-tao-dai-hoc/truyen-thong-so-va-ky-thuat-da-phuong-tien-chuong-trinh-tien-tien 
ET-E4,Kỹ thuật Điện tử - Viễn thông (CT tiên tiến),7520207,Kỹ thuật điện tử - viễn thông,XTTN,48,85.19,18,72.85,"A00,A01,K01",https://ts.hust.edu.vn/training-cate/nganh-dao-tao-dai-hoc/ky-thuat-dien-tu-vien-thong-chuong-trinh-tien-tien 
ET-E4,Kỹ thuật Điện tử - Viễn thông (CT tiên tiến),7520207,Kỹ thuật điện tử - viễn thông,DGTD,18,65,18,64.17,"A00,A01,K01",https://ts.hust.edu.vn/training-cate/nganh-dao-tao-dai-hoc/ky-thuat-dien-tu-vien-thong-chuong-trinh-tien-tien 
ET-E4,Kỹ thuật Điện tử - Viễn thông (CT tiên tiến),7520207,Kỹ thuật điện tử - viễn thông,THPT,59,27.03,24,25.99,"A00,A01,K01",https://ts.hust.edu.vn/training-cate/nganh-dao-tao-dai-hoc/ky-thuat-dien-tu-vien-thong-chuong-trinh-tien-tien 
ET-E5,Kỹ thuật Y sinh (CT tiên tiến),7520212,Kỹ thuật y sinh,XTTN,12,91.19,12,72.85,"A00,A01,K01",https://ts.hust.edu.vn/training-cate/nganh-dao-tao-dai-hoc/ky-thuat-y-sinh-chuong-trinh-tien-tien 
ET-E5,Kỹ thuật Y sinh (CT tiên tiến),7520212,Kỹ thuật y sinh,DGTD,12,53.67,12,56.55,"A00,A01,K01",https://ts.hust.edu.vn/training-cate/nganh-dao-tao-dai-hoc/ky-thuat-y-sinh-chuong-trinh-tien-tien 
ET-E5,Kỹ thuật Y sinh (CT tiên tiến),7520212,Kỹ thuật y sinh,THPT,31,25.08,16,23.7,"A00,A01,K01",https://ts.hust.edu.vn/training-cate/nganh-dao-tao-dai-hoc/ky-thuat-y-sinh-chuong-trinh-tien-tien 
ET-E9,Hệ thống nhúng thông minh và IoT (CT tiên tiến),7520207,Kỹ thuật điện tử - viễn thông,XTTN,14,84.11,24,72.85,"A00,A01,D28,K01",https://ts.hust.edu.vn/training-cate/nganh-dao-tao-dai-hoc/he-thong-nhung-thong-minh-va-iot-chuong-trinh-tien-tien 
ET-E9,Hệ thống nhúng thông minh và IoT (CT tiên tiến),7520207,Kỹ thuật điện tử - viễn thông),DGTD,24,69.07,24,65.23,"A00,A01,D28,K01",https://ts.hust.edu.vn/training-cate/nganh-dao-tao-dai-hoc/he-thong-nhung-thong-minh-va-iot-chuong-trinh-tien-tien 
ET-E9,Hệ thống nhúng thông minh và IoT (CT tiên tiến),7520207,Kỹ thuật điện tử - viễn thông),THPT,42,27.21,12,26.45,"A00,A01,D28,K01",https://ts.hust.edu.vn/training-cate/nganh-dao-tao-dai-hoc/he-thong-nhung-thong-minh-va-iot-chuong-trinh-tien-tien 
ET-LUH,Điện tử - Viễn thông - hợp tác với ĐH  Leibniz Hannover (Đức),7520207,Kỹ thuật điện tử - viễn thông),XTTN,46,74.67,6,70,"A00,A01,D26,K01",https://ts.hust.edu.vn/training-cate/nganh-dao-tao-dai-hoc/dien-tu-vien-thong-dh-leibniz-hannover-duc 
ET-LUH,Điện tử - Viễn thông - hợp tác với ĐH  Leibniz Hannover (Đức),7520207,Kỹ thuật điện tử - viễn thông),DGTD,12,56.68,12,56.67,"A00,A01,D26,K01",https://ts.hust.edu.vn/training-cate/nganh-dao-tao-dai-hoc/dien-tu-vien-thong-dh-leibniz-hannover-duc 
ET-LUH,Điện tử - Viễn thông - hợp tác với ĐH  Leibniz Hannover (Đức),7520207,Kỹ thuật điện tử - viễn thông),THPT,32,25.65,22,24.3,"A00,A01,D26,K01",https://ts.hust.edu.vn/training-cate/nganh-dao-tao-dai-hoc/dien-tu-vien-thong-dh-leibniz-hannover-duc 
EV1,Kỹ  thuật Môi trường,7520320,Kỹ  thuật Môi trường,XTTN,38,71.05,8,72.52,"A00,B00,D07,K01",https://ts.hust.edu.vn/training-cate/nganh-dao-tao-dai-hoc/ky-thuat-moi-truong 
EV1,Kỹ  thuật Môi trường,7520320,Kỹ  thuật Môi trường,DGTD,32,50.72,32,51.12,"A00,B00,D07,K01",https://ts.hust.edu.vn/training-cate/nganh-dao-tao-dai-hoc/ky-thuat-moi-truong 
EV1,Kỹ  thuật Môi trường,7520320,Kỹ  thuật Môi trường,THPT,110,22.1,120,21,"A00,B00,D07,K01",https://ts.hust.edu.vn/training-cate/nganh-dao-tao-dai-hoc/ky-thuat-moi-truong 
EV2,Quản lý Tài nguyên và Môi trường,7850101,Quản lý tài nguyên và môi trường,XTTN,6,71.05,6,72.52,"A00,B00,D07,K01",https://ts.hust.edu.vn/training-cate/nganh-dao-tao-dai-hoc/quan-ly-tai-nguyen-va-moi-truong 
EV2,Quản lý Tài nguyên và Môi trường,7850101,Quản lý tài nguyên và môi trường,DGTD,24,50.33,24,50.6,"A00,B00,D07,K01",https://ts.hust.edu.vn/training-cate/nganh-dao-tao-dai-hoc/quan-ly-tai-nguyen-va-moi-truong 
EV2,Quản lý Tài nguyên và Môi trường,7850101,Quản lý tài nguyên và môi trường,THPT,100,21.78,90,21,"A00,B00,D07,K01",https://ts.hust.edu.vn/training-cate/nganh-dao-tao-dai-hoc/quan-ly-tai-nguyen-va-moi-truong 
FL1,Tiếng Anh KHKT và Công nghệ,7220201,Ngôn ngữ Anh,XTTN,16,75.31,21,75,"D01,K01",https://ts.hust.edu.vn/training-cate/nganh-dao-tao-dai-hoc/tieng-anh-khoa-hoc-ky-thuat-va-cong-nghe 
FL1,Tiếng Anh KHKT và Công nghệ,7220201,Ngôn ngữ Anh,DGTD,32,52.01,32,-,"D01,K01",https://ts.hust.edu.vn/training-cate/nganh-dao-tao-dai-hoc/tieng-anh-khoa-hoc-ky-thuat-va-cong-nghe 
FL1,Tiếng Anh KHKT và Công nghệ,7220201,Ngôn ngữ Anh,THPT,302,25,157,25.45,"D01,K01",https://ts.hust.edu.vn/training-cate/nganh-dao-tao-dai-hoc/tieng-anh-khoa-hoc-ky-thuat-va-cong-nghe 
FL2,Tiếng Anh chuyên nghiệp quốc tế,7220201,Ngôn ngữ Anh,XTTN,9,75.31,9,75,"D01,K01",https://ts.hust.edu.vn/training-cate/nganh-dao-tao-dai-hoc/tieng-anh-chuyen-nghiep-quoc-te 
FL2,Tiếng Anh chuyên nghiệp quốc tế,7220201,Ngôn ngữ Anh,DGTD,14,50.29,14,-,"D01,K01",https://ts.hust.edu.vn/training-cate/nganh-dao-tao-dai-hoc/tieng-anh-chuyen-nghiep-quoc-te 
FL2,Tiếng Anh chuyên nghiệp quốc tế,7220201,Ngôn ngữ Anh,THPT,37,23.81,67,25.17,"D01,K01",https://ts.hust.edu.vn/training-cate/nganh-dao-tao-dai-hoc/tieng-anh-chuyen-nghiep-quoc-te 
FL3,Tiếng Trung Khoa học và Công nghệ,7220204,Ngôn ngữ Trung Quốc,XTTN,-,-,-,-,"D01,K01,D04",https://ts.hust.edu.vn/training-cate/nganh-dao-tao-dai-hoc/tieng-trung-khoa-hoc-va-cong-nghe
FL3,Tiếng Trung Khoa học và Công nghệ,7220204,Ngôn ngữ Trung Quốc,DGTD,-,-,-,-,"D01,K01,D04",https://ts.hust.edu.vn/training-cate/nganh-dao-tao-dai-hoc/tieng-trung-khoa-hoc-va-cong-nghe
FL3,Tiếng Trung Khoa học và Công nghệ,7220204,Ngôn ngữ Trung Quốc,THPT,-,-,-,-,"D01,K01,D04",https://ts.hust.edu.vn/training-cate/nganh-dao-tao-dai-hoc/tieng-trung-khoa-hoc-va-cong-nghe
HE1,Kỹ thuật Nhiệt,7520115,Kỹ thuật nhiệt,XTTN,13,71.05,13,70.73,"A00,A01,K01",https://ts.hust.edu.vn/training-cate/nganh-dao-tao-dai-hoc/ky-thuat-nhiet 
HE1,Kỹ thuật Nhiệt,7520115,Kỹ thuật nhiệt,DGTD,50,56.67,50,53.84,"A00,A01,K01",https://ts.hust.edu.vn/training-cate/nganh-dao-tao-dai-hoc/ky-thuat-nhiet 
HE1,Kỹ thuật Nhiệt,7520115,Kỹ thuật nhiệt,THPT,162,25.2,187,23.94,"A00,A01,K01",https://ts.hust.edu.vn/training-cate/nganh-dao-tao-dai-hoc/ky-thuat-nhiet 
IT1,CNTT: Khoa học Máy tính,7480101,Khoa học máy tính,XTTN,250,103.89,240,90.17,"A00,A01,K01",https://ts.hust.edu.vn/training-cate/nganh-dao-tao-dai-hoc/cntt-khoa-hoc-may-tinh
IT1,CNTT: Khoa học Máy tính,7480101,Khoa học máy tính,DGTD,45,83.82,45,83.9,"A00,A01,K01",https://ts.hust.edu.vn/training-cate/nganh-dao-tao-dai-hoc/cntt-khoa-hoc-may-tinh
IT1,CNTT: Khoa học Máy tính,7480101,Khoa học máy tính,THPT,25,28.53,15,29.42,"A00,A01,K01",https://ts.hust.edu.vn/training-cate/nganh-dao-tao-dai-hoc/cntt-khoa-hoc-may-tinh
IT2,CNTT: Kỹ thuật Máy tính,7480106,Kỹ thuật máy tính,XTTN,175,98.3,150,85.35,"A00,A01,K01",https://ts.hust.edu.vn/training-cate/nganh-dao-tao-dai-hoc/cntt-ky-thuat-may-tinh 
IT2,CNTT: Kỹ thuật Máy tính,7480106,Kỹ thuật máy tính,DGTD,30,82.08,30,79.22,"A00,A01,K01",https://ts.hust.edu.vn/training-cate/nganh-dao-tao-dai-hoc/cntt-ky-thuat-may-tinh 
IT2,CNTT: Kỹ thuật Máy tính,7480106,Kỹ thuật máy tính,THPT,25,28.48,20,28.29,"A00,A01,K01",https://ts.hust.edu.vn/training-cate/nganh-dao-tao-dai-hoc/cntt-ky-thuat-may-tinh 
IT-E10,Khoa học dữ liệu và Trí tuệ nhân tạo (CT tiên tiến),7460108,Khoa học dữ liệu,XTTN,95,104.58,80,98.42,"A00,A01,K01",https://ts.hust.edu.vn/training-cate/nganh-dao-tao-dai-hoc/khoa-hoc-du-lieu-va-tri-tue-nhan-tao-chuong-trinh-tien-tien
IT-E10,Khoa học dữ liệu và Trí tuệ nhân tạo (CT tiên tiến),7460108,Khoa học dữ liệu,DGTD,15,81.6,15,83.97,"A00,A01,K01",https://ts.hust.edu.vn/training-cate/nganh-dao-tao-dai-hoc/khoa-hoc-du-lieu-va-tri-tue-nhan-tao-chuong-trinh-tien-tien
IT-E10,Khoa học dữ liệu và Trí tuệ nhân tạo (CT tiên tiến),7460108,Khoa học dữ liệu,THPT,25,28.22,5,28.8,"A00,A01,K01",https://ts.hust.edu.vn/training-cate/nganh-dao-tao-dai-hoc/khoa-hoc-du-lieu-va-tri-tue-nhan-tao-chuong-trinh-tien-tien
IT-E15,An toàn không gian số - Cyber Security (CT Tiên tiến),7480202,An toàn thông tin,XTTN,45,102.6,30,82.04,"A00,A01,K01",https://ts.hust.edu.vn/training-cate/nganh-dao-tao-dai-hoc/an-toan-khong-gian-so-chuong-trinh-tien-tien
IT-E15,An toàn không gian số - Cyber,7480202,An toàn thông tin,DGTD,6,74.88,6,76.61,"A00,A01,K01",https://ts.hust.edu.vn/training-cate/nganh-dao-tao-dai-hoc/an-toan-khong-gian-so-chuong-trinh-tien-tien
IT-E15,An toàn không gian số - Cyber Security (CT Tiên tiến),7480202,An toàn thông tin,THPT,9,27.9,4,28.05,"A00,A01,K01",https://ts.hust.edu.vn/training-cate/nganh-dao-tao-dai-hoc/an-toan-khong-gian-so-chuong-trinh-tien-tien
IT-E6,Công nghệ thông tin (Việt - Nhật),7480201,Công nghệ thông tin,XTTN,108,88.07,108,80.25,"A00,A01,D28,K01",https://ts.hust.edu.vn/training-cate/nganh-dao-tao-dai-hoc/cong-nghe-thong-tin-viet-nhat-chuong-trinh-tien-tien
IT-E6,Công nghệ thông tin (Việt - Nhật),7480201,Công nghệ thông tin,DGTD,96,71.05,96,72.03,"A00,A01,D28,K01",https://ts.hust.edu.vn/training-cate/nganh-dao-tao-dai-hoc/cong-nghe-thong-tin-viet-nhat-chuong-trinh-tien-tien
IT-E6,Công nghệ thông tin (Việt - Nhật),7480201,Công nghệ thông tin,THPT,36,27.35,36,27.64,"A00,A01,D28,K01",https://ts.hust.edu.vn/training-cate/nganh-dao-tao-dai-hoc/cong-nghe-thong-tin-viet-nhat-chuong-trinh-tien-tien
IT-E7,Công nghệ thông tin (Global ICT),7480201,Công nghệ thông tin,XTTN,55,102.67,45,82,"A00,A01,K01",https://ts.hust.edu.vn/training-cate/nganh-dao-tao-dai-hoc/cong-nghe-thong-tin-global-ict
IT-E7,Công nghệ thông tin (Global ICT),7480201,Công nghệ thông tin,DGTD,40,74.88,40,79.12,"A00,A01,K01",https://ts.hust.edu.vn/training-cate/nganh-dao-tao-dai-hoc/cong-nghe-thong-tin-global-ict
IT-E7,Công nghệ thông tin (Global ICT),7480201,Công nghệ thông tin,THPT,30,28.01,15,28.16,"A00,A01,K01",https://ts.hust.edu.vn/training-cate/nganh-dao-tao-dai-hoc/cong-nghe-thong-tin-global-ict
IT-EP,Công nghệ thông tin (Việt-Pháp),7480201,Công  nghệ thông tin,XTTN,18,82.15,18,80.01,"A00,A01,D29,K01",https://ts.hust.edu.vn/training-cate/nganh-dao-tao-dai-hoc/cong-nghe-thong-tin-viet-phap-chuong-trinh-tien-tien
IT-EP,Công nghệ thông tin (Việt-Pháp),7480201,Công  nghệ thông tin,DGTD,16,70.66,16,69.67,"A00,A01,D29,K01",https://ts.hust.edu.vn/training-cate/nganh-dao-tao-dai-hoc/cong-nghe-thong-tin-viet-phap-chuong-trinh-tien-tien
IT-EP,Công nghệ thông tin (Việt-Pháp),7480201,Công  nghệ thông tin,THPT,11,27.35,6,27.32,"A00,A01,D29,K01",https://ts.hust.edu.vn/training-cate/nganh-dao-tao-dai-hoc/cong-nghe-thong-tin-viet-phap-chuong-trinh-tien-tien
ME1,Kỹ thuật Cơ điện tử,7520114,Kỹ thuật cơ điện tử,XTTN,90,78.01,90,75.12,"A00,A01,K01",https://ts.hust.edu.vn/training-cate/nganh-dao-tao-dai-hoc/ky-thuat-co-dien-tu
ME1,Kỹ thuật Cơ điện tử,7520114,Kỹ thuật cơ điện tử,DGTD,150,68.02,150,65.81,"A00,A01,K01",https://ts.hust.edu.vn/training-cate/nganh-dao-tao-dai-hoc/ky-thuat-co-dien-tu
ME1,Kỹ thuật Cơ điện tử,7520114,Kỹ thuật cơ điện tử,THPT,90,27.49,60,26.75,"A00,A01,K01",https://ts.hust.edu.vn/training-cate/nganh-dao-tao-dai-hoc/ky-thuat-co-dien-tu
ME2,Kỹ thuật Cơ khí,7520103,Kỹ thuật cơ khí,XTTN,28,73.48,28,70.73,"A00,A01,K01",https://ts.hust.edu.vn/training-cate/nganh-dao-tao-dai-hoc/ky-thuat-co-khi
ME2,Kỹ thuật Cơ khí,7520103,Kỹ thuật cơ khí,DGTD,196,61.36,196,57.23,"A00,A01,K01",https://ts.hust.edu.vn/training-cate/nganh-dao-tao-dai-hoc/ky-thuat-co-khi
ME2,Kỹ thuật Cơ khí,7520103,Kỹ thuật cơ khí,THPT,506,25.8,336,24.96,"A00,A01,K01",https://ts.hust.edu.vn/training-cate/nganh-dao-tao-dai-hoc/ky-thuat-co-khi
ME-E1,Kỹ thuật Cơ điện tử (CT tiên tiến),7520114,Kỹ thuật cơ điện tử,XTTN,42,78.67,12,70.73,"A00,A01,K01",https://ts.hust.edu.vn/training-cate/nganh-dao-tao-dai-hoc/ky-thuat-co-dien-tu-chuong-trinh-tien-tien
ME-E1,Kỹ thuật Cơ điện tử (CT tiên tiến),7520114,Kỹ thuật cơ điện tử,DGTD,48,61.36,48,60,"A00,A01,K01",https://ts.hust.edu.vn/training-cate/nganh-dao-tao-dai-hoc/ky-thuat-co-dien-tu-chuong-trinh-tien-tien
ME-E1,Kỹ thuật Cơ điện tử (CT tiên tiến),7520114,Kỹ thuật cơ điện tử,THPT,115,26.38,60,25.47,"A00,A01,K01",https://ts.hust.edu.vn/training-cate/nganh-dao-tao-dai-hoc/ky-thuat-co-dien-tu-chuong-trinh-tien-tien
ME-GU,Cơ khí - Chế tạo máy - hợp tác với ĐH Griffith (Úc),7520103,Kỹ thuật cơ khí,XTTN,2,71.05,2,70.73,"A00,A01,K01",https://ts.hust.edu.vn/training-cate/nganh-dao-tao-dai-hoc/co-khi-che-tao-may-dh-griffith-uc
ME-GU,Cơ khí - Chế tạo máy - hợp tác với ĐH Griffith (Úc),7520103,Kỹ thuật cơ khí,DGTD,12,56.19,12,52.45,"A00,A01,K01",https://ts.hust.edu.vn/training-cate/nganh-dao-tao-dai-hoc/co-khi-che-tao-may-dh-griffith-uc
ME-GU,Cơ khí - Chế tạo máy - hợp tác với ĐH Griffith (Úc),7520103,Kỹ thuật cơ khí,THPT,21,24.89,26,23.32,"A00,A01,K01",https://ts.hust.edu.vn/training-cate/nganh-dao-tao-dai-hoc/co-khi-che-tao-may-dh-griffith-uc
ME-LUH,Cơ điện tử - hợp tác với ĐH Leibniz Hannover (Đức),7520114,Kỹ thuật cơ điện tử,XTTN,43,71.05,3,70.73,"A00,A01,D26,K01",https://ts.hust.edu.vn/training-cate/nganh-dao-tao-dai-hoc/co-dien-tu-dh-leibniz-hannover-duc
ME-LUH,Cơ điện tử - hợp tác với ĐH Leibniz Hannover (Đức),7520114,Kỹ thuật cơ điện tử,DGTD,15,56.53,15,56.08,"A00,A01,D26,K01",https://ts.hust.edu.vn/training-cate/nganh-dao-tao-dai-hoc/co-dien-tu-dh-leibniz-hannover-duc
ME-LUH,Cơ điện tử - hợp tác với ĐH Leibniz Hannover (Đức),7520114,Kỹ thuật cơ điện tử,THPT,7,25.24,32,24.02,"A00,A01,D26,K01",https://ts.hust.edu.vn/training-cate/nganh-dao-tao-dai-hoc/co-dien-tu-dh-leibniz-hannover-duc
ME-NUT,Cơ điện tử - hợp tác với ĐH Công nghệ Nagaoka (Nhật Bản),7520114,Kỹ thuật cơ điện tử,XTTN,5,71.05,5,70.73,"A00,A01,D28,K01",https://ts.hust.edu.vn/training-cate/nganh-dao-tao-dai-hoc/co-dien-tu-dh-nagaoka-nhat-ban
ME-NUT,Cơ điện tử - hợp tác với ĐH Công nghệ Nagaoka (Nhật Bản),7520114,Kỹ thuật cơ điện tử,DGTD,30,56.19,30,53.95,"A00,A01,D28,K01",https://ts.hust.edu.vn/training-cate/nganh-dao-tao-dai-hoc/co-dien-tu-dh-nagaoka-nhat-ban
ME-NUT,Cơ điện tử - hợp tác với ĐH Công nghệ Nagaoka (Nhật Bản),7520114,Kỹ thuật cơ điện tử,THPT,85,25.11,65,23.85,"A00,A01,D28,K01",https://ts.hust.edu.vn/training-cate/nganh-dao-tao-dai-hoc/co-dien-tu-dh-nagaoka-nhat-ban
MI1,Toán - Tin,7460117,Toán tin,XTTN,84,78.55,64,75.59,"A00,A01,K01",https://ts.hust.edu.vn/training-cate/nganh-dao-tao-dai-hoc/toan-tin
MI1,Toán - Tin,7460117,Toán tin,DGTD,64,70.6,64,70.57,"A00,A01,K01",https://ts.hust.edu.vn/training-cate/nganh-dao-tao-dai-hoc/toan-tin
MI1,Toán - Tin,7460117,Toán tin,THPT,37,27.35,32,27.21,"A00,A01,K01",https://ts.hust.edu.vn/training-cate/nganh-dao-tao-dai-hoc/toan-tin
MI2,Hệ thống thông tin quản lý,7340405,Hệ thống thông tin quản lý,XTTN,52,78.4,32,74.34,"A00,A01,K01",https://ts.hust.edu.vn/training-cate/nganh-dao-tao-dai-hoc/he-thong-thong-tin-quan-ly
MI2,Hệ thống thông tin quản lý,7340405,Hệ thống thông tin quản lý,DGTD,32,68.45,32,67.29,"A00,A01,K01",https://ts.hust.edu.vn/training-cate/nganh-dao-tao-dai-hoc/he-thong-thong-tin-quan-ly
MI2,Hệ thống thông tin quản lý,7340405,Hệ thống thông tin quản lý,THPT,16,27.34,16,27.06,"A00,A01,K01",https://ts.hust.edu.vn/training-cate/nganh-dao-tao-dai-hoc/he-thong-thong-tin-quan-ly
MS1,Kỹ thuật Vật liệu,7520309,Kỹ thuật vật liệu,XTTN,54,76.65,14,70,"A00,A01,D07,K01",https://ts.hust.edu.vn/training-cate/nganh-dao-tao-dai-hoc/ky-thuat-vat-lieu
MS1,Kỹ thuật Vật liệu,7520309,Kỹ thuật vật liệu,DGTD,84,56.55,84,54.37,"A00,A01,D07,K01",https://ts.hust.edu.vn/training-cate/nganh-dao-tao-dai-hoc/ky-thuat-vat-lieu
MS1,Kỹ thuật Vật liệu,7520309,Kỹ thuật vật liệu,THPT,187,24.9,182,23.25,"A00,A01,D07,K01",https://ts.hust.edu.vn/training-cate/nganh-dao-tao-dai-hoc/ky-thuat-vat-lieu
MS2,Kỹ thuật Vi điện tử và Công nghệ nano,7440122,Khoa học vật liệu,XTTN,105,92.77,70,75.42,"A00,A01,D07,K01",https://ts.hust.edu.vn/training-cate/nganh-dao-tao-dai-hoc/chuong-trinh-ky-thuat-vi-dien-tu-va-cong-nghe-nano
MS2,Kỹ thuật Vi điện tử và Công nghệ nano,7440122,Khoa học vật liệu,DGTD,42,71.68,42,63.66,"A00,A01,D07,K01",https://ts.hust.edu.vn/training-cate/nganh-dao-tao-dai-hoc/chuong-trinh-ky-thuat-vi-dien-tu-va-cong-nghe-nano
MS2,Kỹ thuật Vi điện tử và Công nghệ nano,7440122,Khoa học vật liệu,THPT,38,27.64,28,26.18,"A00,A01,D07,K01",https://ts.hust.edu.vn/training-cate/nganh-dao-tao-dai-hoc/chuong-trinh-ky-thuat-vi-dien-tu-va-cong-nghe-nano
MS3,Công nghệ vật liệu Polyme và Compozit,7510402,Công nghệ vật liệu,XTTN,8,76.65,8,70,"A00,A01,D07,K01",https://ts.hust.edu.vn/training-cate/nganh-dao-tao-dai-hoc/cong-nghe-vat-lieu-polyme-va-compozit
MS3,Công nghệ vật liệu Polyme và Compozit,7510402,Công nghệ vật liệu,DGTD,28,56.55,28,52.51,"A00,A01,D07,K01",https://ts.hust.edu.vn/training-cate/nganh-dao-tao-dai-hoc/cong-nghe-vat-lieu-polyme-va-compozit
MS3,Công nghệ vật liệu Polyme và Compozit,7510402,Công nghệ vật liệu,THPT,84,25,44,23.7,"A00,A01,D07,K01",https://ts.hust.edu.vn/training-cate/nganh-dao-tao-dai-hoc/cong-nghe-vat-lieu-polyme-va-compozit
MS5,Kỹ thuật in,7520137,Kỹ thuật In,XTTN,3,70.89,3,72.52,"A00,A01,D07,K01",https://ts.hust.edu.vn/training-cate/nganh-dao-tao-dai-hoc/ky-thuat-in
MS5,Kỹ thuật in,7520137,Kỹ thuật In,DGTD,18,53.42,18,53.96,"A00,A01,D07,K01",https://ts.hust.edu.vn/training-cate/nganh-dao-tao-dai-hoc/ky-thuat-in
MS5,Kỹ thuật in,7520137,Kỹ thuật In,THPT,99,24,39,22.7,"A00,A01,D07,K01",https://ts.hust.edu.vn/training-cate/nganh-dao-tao-dai-hoc/ky-thuat-in
MS-E3,Khoa học và kỹ thuật vật liệu (CT tiên tiến),7520309,Kỹ thuật vật liệu,XTTN,3,76.65,3,70,"A00,A01,D07",https://ts.hust.edu.vn/training-cate/nganh-dao-tao-dai-hoc/khoa-hoc-va-ky-thuat-vat-lieu-chuong-trinh-tien-tien
MS-E3,Khoa học và kỹ thuật vật liệu (CT tiên tiến),7520309,Kỹ thuật vật liệu,DGTD,15,52.53,15,50.4,"A00,A01,D07",https://ts.hust.edu.vn/training-cate/nganh-dao-tao-dai-hoc/khoa-hoc-va-ky-thuat-vat-lieu-chuong-trinh-tien-tien
MS-E3,Khoa học và kỹ thuật vật liệu (CT tiên tiến),7520309,Kỹ thuật vật liệu,THPT,27,24,32,21.5,"A00,A01,D07",https://ts.hust.edu.vn/training-cate/nganh-dao-tao-dai-hoc/khoa-hoc-va-ky-thuat-vat-lieu-chuong-trinh-tien-tien
PH1,Vật lý kỹ thuật,7520401,Vật lý kỹ thuật,XTTN,45,75.82,10,70,"A00,A01,K01",https://ts.hust.edu.vn/training-cate/nganh-dao-tao-dai-hoc/vat-ly-ky-thuat
PH1,Vật lý kỹ thuật,7520401,Vật lý kỹ thuật,DGTD,60,56.66,60,54.68,"A00,A01,K01",https://ts.hust.edu.vn/training-cate/nganh-dao-tao-dai-hoc/vat-ly-ky-thuat
PH1,Vật lý kỹ thuật,7520401,Vật lý kỹ thuật,THPT,265,25.87,130,24.28,"A00,A01,K01",https://ts.hust.edu.vn/training-cate/nganh-dao-tao-dai-hoc/vat-ly-ky-thuat
PH2,Kỹ thuật hạt nhân,7520402,Kỹ  thuật hạt nhân,XTTN,2,70.89,2,70,"A00,A01,A02,K01",https://ts.hust.edu.vn/training-cate/nganh-dao-tao-dai-hoc/ky-thuat-hat-nhan
PH2,Kỹ thuật hạt nhân,7520402,Kỹ  thuật hạt nhân,DGTD,12,53.28,12,52.56,"A00,A01,A02,K01",https://ts.hust.edu.vn/training-cate/nganh-dao-tao-dai-hoc/ky-thuat-hat-nhan
PH2,Kỹ thuật hạt nhân,7520402,Kỹ  thuật hạt nhân,THPT,26,24.64,26,22.31,"A00,A01,A02,K01",https://ts.hust.edu.vn/training-cate/nganh-dao-tao-dai-hoc/ky-thuat-hat-nhan
PH3,Vật lý Y khoa,7520402,Kỹ  thuật hạt nhân,XTTN,3,75.82,3,70,"A00,A01,A02,K01",https://ts.hust.edu.vn/training-cate/nganh-dao-tao-dai-hoc/vat-ly-y-khoa
PH3,Vật lý Y khoa,7520402,Kỹ  thuật hạt nhân,DGTD,18,55.28,18,53.02,"A00,A01,A02,K01",https://ts.hust.edu.vn/training-cate/nganh-dao-tao-dai-hoc/vat-ly-y-khoa
PH3,Vật lý Y khoa,7520402,Kỹ  thuật hạt nhân,THPT,29,25.31,39,24.02,"A00,A01,A02,K01",https://ts.hust.edu.vn/training-cate/nganh-dao-tao-dai-hoc/vat-ly-y-khoa
TE1,Kỹ thuật Ô tô,7520130,Kỹ thuật ô tô,XTTN,30,76.19,30,75.11,"A00,A01,K01",https://ts.hust.edu.vn/training-cate/nganh-dao-tao-dai-hoc/ky-thuat-o-to
TE1,Kỹ thuật Ô tô,7520130,Kỹ thuật ô tô,DGTD,70,64.36,70,64.28,"A00,A01,K01",https://ts.hust.edu.vn/training-cate/nganh-dao-tao-dai-hoc/ky-thuat-o-to
TE1,Kỹ thuật Ô tô,7520130,Kỹ thuật ô tô,THPT,160,26.99,100,26.48,"A00,A01,K01",https://ts.hust.edu.vn/training-cate/nganh-dao-tao-dai-hoc/ky-thuat-o-to
TE2,Kỹ thuật Cơ khí động lực,7520116,Kỹ thuật cơ khí động lực,XTTN,6,75.38,6,72.92,"A00,A01,K01",https://ts.hust.edu.vn/training-cate/nganh-dao-tao-dai-hoc/ky-thuat-co-khi-dong-luc
TE2,Kỹ thuật Cơ khí động lực,7520116,Kỹ thuật cơ khí động lực,DGTD,36,59.89,36,56.41,"A00,A01,K01",https://ts.hust.edu.vn/training-cate/nganh-dao-tao-dai-hoc/ky-thuat-co-khi-dong-luc
TE2,Kỹ thuật Cơ khí động lực,7520116,Kỹ thuật cơ khí động lực,THPT,98,26.12,78,25.31,"A00,A01,K01",https://ts.hust.edu.vn/training-cate/nganh-dao-tao-dai-hoc/ky-thuat-co-khi-dong-luc
TE3,Kỹ  thuật Hàng không,7520120,Kỹ thuật hàng không,XTTN,8,81.01,8,72.92,"A00,A01,K01",https://ts.hust.edu.vn/training-cate/nganh-dao-tao-dai-hoc/ky-thuat-hang-khong
TE3,Kỹ  thuật Hàng không,7520120,Kỹ thuật hàng không,DGTD,36,62.36,36,60.39,"A00,A01,K01",https://ts.hust.edu.vn/training-cate/nganh-dao-tao-dai-hoc/ky-thuat-hang-khong
TE3,Kỹ  thuật  Hàng không,7520120,Kỹ thuật hàng không,THPT,56,26.22,36,25.5,"A00,A01,K01",https://ts.hust.edu.vn/training-cate/nganh-dao-tao-dai-hoc/ky-thuat-hang-khong
TE-E2,Kỹ thuật Ô tô (CT tiên tiến),7520130,Kỹ thuật ô tô,XTTN,4,77.44,4,71.16,"A00,A01,K01",https://ts.hust.edu.vn/training-cate/nganh-dao-tao-dai-hoc/ky-thuat-o-to-chuong-trinh-tien-tien
TE-E2,Kỹ thuật Ô tô (CT tiên tiến),7520130,Kỹ thuật ô tô,DGTD,24,60.68,24,57.4,"A00,A01,K01",https://ts.hust.edu.vn/training-cate/nganh-dao-tao-dai-hoc/ky-thuat-o-to-chuong-trinh-tien-tien
TE-E2,Kỹ thuật Ô tô (CT tiên tiến),7520130,Kỹ thuật ô tô,THPT,57,25.9,52,25,"A00,A01,K01",https://ts.hust.edu.vn/training-cate/nganh-dao-tao-dai-hoc/ky-thuat-o-to-chuong-trinh-tien-tien
TE-EP,Cơ khí hàng không (Chương trình Việt - Pháp PFIEV),7520120,Kỹ thuật hàng không,XTTN,2,81.01,2,71.16,"A00,A01,D29,K01",https://ts.hust.edu.vn/training-cate/nganh-dao-tao-dai-hoc/co-khi-hang-khong-chuong-trinh-viet-phap-pfiev
TE-EP,Cơ khí hàng không (Chương trình Việt - Pháp PFIEV),7520120,Kỹ thuật hàng không,DGTD,12,54.68,12,51.5,"A00,A01,D29,K01",https://ts.hust.edu.vn/training-cate/nganh-dao-tao-dai-hoc/co-khi-hang-khong-chuong-trinh-viet-phap-pfiev
TE-EP,Cơ khí hàng không (Chương trình Việt - Pháp PFIEV),7520120,Kỹ thuật hàng không,THPT,26,24.86,26,23.7,"A00,A01,D29,K01",https://ts.hust.edu.vn/training-cate/nganh-dao-tao-dai-hoc/co-khi-hang-khong-chuong-trinh-viet-phap-pfiev
TROY-BA,Quản trị kinh doanh - hợp tác với ĐH Troy (Hoa Kỳ),7340101,Quản trị kinh doanh,XTTN,3,75.35,3,70,"D01,A00,A01,K01",https://ts.hust.edu.vn/training-cate/nganh-dao-tao-dai-hoc/quan-tri-kinh-doanh-dh-troy-hoa-ky
TROY-BA,Quản trị kinh doanh - hợp tác với ĐH Troy (Hoa Kỳ),7340101,Quản trị kinh doanh,DGTD,7,50.29,12,51.11,"D01,A00,A01,K01",https://ts.hust.edu.vn/training-cate/nganh-dao-tao-dai-hoc/quan-tri-kinh-doanh-dh-troy-hoa-ky
TROY-BA,Quản trị kinh doanh - hợp tác với ĐH Troy (Hoa Kỳ),7340101,Quản trị kinh doanh,THPT,10,21,45,23.7,"D01,A00,A01,K01",https://ts.hust.edu.vn/training-cate/nganh-dao-tao-dai-hoc/quan-tri-kinh-doanh-dh-troy-hoa-ky
TROY-IT,Khoa học máy tính - hợp tác với ĐH Troy (Hoa Kỳ),7480101,Khoa học máy tính,XTTN,6,78.4,6,70.66,"D01,A00,A01,K01",https://ts.hust.edu.vn/training-cate/nganh-dao-tao-dai-hoc/khoa-hoc-may-tinh-dh-troy-hoa-ky
TROY-IT,Khoa học máy tính - hợp tác với ĐH Troy (Hoa Kỳ),7480101,Khoa học máy tính,DGTD,42,50.29,42,60.12,"D01,A00,A01,K01",https://ts.hust.edu.vn/training-cate/nganh-dao-tao-dai-hoc/khoa-hoc-may-tinh-dh-troy-hoa-ky
TROY-IT,Khoa học máy tính - hợp tác với ĐH Troy (Hoa Kỳ),7480101,Khoa học máy tính,THPT,62,21,72,24.96,"D01,A00,A01,K01",https://ts.hust.edu.vn/training-cate/nganh-dao-tao-dai-hoc/khoa-hoc-may-tinh-dh-troy-hoa-ky
TX1,Công nghệ Dệt May,7540204,"Công nghệ dệt, may",XTTN,10,70.89,12,70,"A00,A01,D07,K01",https://ts.hust.edu.vn/training-cate/nganh-dao-tao-dai-hoc/cong-nghe-det-may
TX1,Công nghệ Dệt May,7540204,"Công nghệ dệt, may",DGTD,36,50.68,36,50.7,"A00,A01,D07,K01",https://ts.hust.edu.vn/training-cate/nganh-dao-tao-dai-hoc/cong-nghe-det-may
TX1,Công nghệ Dệt May,7540204,"Công nghệ dệt, may",THPT,239,22.5,192,21.4,"A00,A01,D07,K01",https://ts.hust.edu.vn/training-cate/nganh-dao-tao-dai-hoc/cong-nghe-det-may
